Symbol,Company,Sector,52 Week High,Price
RELIANCE,Reliance Industries Ltd,Energy,3217.90,2945.50
TCS,Tata Consultancy Services Ltd,IT,4592.25,4180.30
HDFCBANK,HDFC Bank Ltd,Banking,1791.90,1652.40
ICICIBANK,ICICI Bank Ltd,Banking,1257.65,1189.20
INFY,Infosys Ltd,IT,1953.90,1802.15
HINDUNILVR,Hindustan Unilever Ltd,FMCG,3035.00,2612.80
ITC,ITC Ltd,FMCG,499.70,463.25
SBIN,State Bank of India,Banking,912.10,824.60
BHARTIARTL,Bharti Airtel Ltd,Telecom,1779.00,1620.90
KOTAKBANK,Kotak Mahindra Bank Ltd,Banking,1953.00,1780.55
LT,Larsen & Toubro Ltd,Infrastructure,3948.30,3610.75
AXISBANK,Axis Bank Ltd,Banking,1339.65,1225.40
BAJFINANCE,Bajaj Finance Ltd,NBFC,8192.00,7420.10
ASIANPAINT,Asian Paints Ltd,Paints,3422.10,2895.60
MARUTI,Maruti Suzuki India Ltd,Automobile,13680.00,12450.30
SUNPHARMA,Sun Pharmaceutical Industries Ltd,Pharma,1961.60,1785.20
TITAN,Titan Company Ltd,Consumer Durables,3886.90,3410.75
ULTRACEMCO,UltraTech Cement Ltd,Cement,11700.00,10520.40
NESTLEIND,Nestle India Ltd,FMCG,2778.00,2450.60
WIPRO,Wipro Ltd,IT,572.50,498.30
ONGC,Oil & Natural Gas Corp Ltd,Energy,345.00,289.15
NTPC,NTPC Ltd,Power,441.70,378.90
POWERGRID,Power Grid Corporation of India Ltd,Power,366.25,321.50
M&M,Mahindra & Mahindra Ltd,Automobile,3222.60,2905.40
TATAMOTORS,Tata Motors Ltd,Automobile,1179.00,978.60
TATASTEEL,Tata Steel Ltd,Metals,182.35,159.20
JSWSTEEL,JSW Steel Ltd,Metals,1057.65,935.40
ADANIENT,Adani Enterprises Ltd,Diversified,3743.90,3180.20
ADANIPORTS,Adani Ports & SEZ Ltd,Infrastructure,1621.40,1420.60
COALINDIA,Coal India Ltd,Mining,543.20,468.10
HCLTECH,HCL Technologies Ltd,IT,2011.20,1785.90
TECHM,Tech Mahindra Ltd,IT,1807.75,1602.40
DRREDDY,Dr Reddys Laboratories Ltd,Pharma,7100.00,6420.50
CIPLA,Cipla Ltd,Pharma,1702.55,1520.30
DIVISLAB,Divis Laboratories Ltd,Pharma,6350.00,5680.20
BAJAJFINSV,Bajaj Finserv Ltd,NBFC,2029.65,1780.40
BAJAJ-AUTO,Bajaj Auto Ltd,Automobile,12774.00,11250.60
EICHERMOT,Eicher Motors Ltd,Automobile,5230.00,4680.30
HEROMOTOCO,Hero MotoCorp Ltd,Automobile,6246.90,5480.20
GRASIM,Grasim Industries Ltd,Cement,2835.00,2510.40
BRITANNIA,Britannia Industries Ltd,FMCG,6150.00,5420.30
HINDALCO,Hindalco Industries Ltd,Metals,780.40,652.10
INDUSINDBK,IndusInd Bank Ltd,Banking,1694.65,1180.40
SBILIFE,SBI Life Insurance Company Ltd,Insurance,1888.00,1620.50
HDFCLIFE,HDFC Life Insurance Company Ltd,Insurance,761.85,650.20
ICICIPRULI,ICICI Prudential Life Insurance Ltd,Insurance,769.00,650.40
SHREECEM,Shree Cement Ltd,Cement,28800.00,25600.30
UPL,UPL Ltd,Chemicals,780.00,560.20
APOLLOHOSP,Apollo Hospitals Enterprise Ltd,Healthcare,7500.00,6850.40
BPCL,Bharat Petroleum Corp Ltd,Energy,712.00,610.30
IOC,Indian Oil Corp Ltd,Energy,197.60,168.40
GAIL,GAIL India Ltd,Energy,240.00,205.30
VEDANTA,Vedanta Ltd,Metals,527.00,445.60
ZOMATO,Zomato Ltd,Internet/Consumer,304.70,268.40
DMART,Avenue Supermarts Ltd,Retail,5484.90,4680.20
PIDILITIND,Pidilite Industries Ltd,Chemicals,3283.00,2890.40
DABUR,Dabur India Ltd,FMCG,660.00,562.30
GODREJCP,Godrej Consumer Products Ltd,FMCG,1519.90,1320.60
MARICO,Marico Ltd,FMCG,690.00,598.40
COLPAL,Colgate-Palmolive India Ltd,FMCG,3700.00,3210.60
